﻿{"cameraMode":{"drawMode":0,"name":"Shaded","section":"Shading Mode"},"sceneLighting":false,"audioPlay":false,"sceneViewState":{"showFog":false,"showMaterialUpdate":false,"showSkybox":false,"showFlares":false,"showImageEffects":false,"showParticleSystems":true},"in2DMode":false,"pivot":{"x":0.23100006580352784,"y":-0.06462681293487549,"z":0.0},"rotation":{"x":-0.07063241302967072,"y":0.8124575614929199,"z":-0.10069473832845688,"w":-0.5698989629745483},"size":10.497153282165528,"orthographic":false}