﻿{"cameraMode":{"drawMode":0,"name":"Shaded","section":"Shading Mode"},"sceneLighting":false,"audioPlay":false,"sceneViewState":{"showFog":false,"showMaterialUpdate":false,"showSkybox":false,"showFlares":false,"showImageEffects":false,"showParticleSystems":true},"in2DMode":false,"pivot":{"x":-0.10399997234344483,"y":0.29037320613861086,"z":0.0},"rotation":{"x":-0.07063241302967072,"y":0.8124575614929199,"z":-0.10069473832845688,"w":-0.5698989629745483},"size":9.317544937133789,"orthographic":false}